--Creación de tabla departamento y cargado de datos
CREATE TABLE IF NOT EXISTS departamentos (
	id_departamento INT PRIMARY KEY,
	nombre_departamento VARCHAR(50) NOT NULL
);

INSERT INTO departamentos (id_departamento, nombre_departamento) VALUES (01, "Nueve de Julio");
INSERT INTO departamentos (id_departamento, nombre_departamento) VALUES (02, "Vera");
INSERT INTO departamentos (id_departamento, nombre_departamento) VALUES (03, "General Obligado");
INSERT INTO departamentos (id_departamento, nombre_departamento) VALUES (04, "San Javier");
INSERT INTO departamentos (id_departamento, nombre_departamento) VALUES (05, "Garay");
INSERT INTO departamentos (id_departamento, nombre_departamento) VALUES (06, "San Justo");
INSERT INTO departamentos (id_departamento, nombre_departamento) VALUES (07, "San Cristóbal");
INSERT INTO departamentos (id_departamento, nombre_departamento) VALUES (08, "Castellanos");
INSERT INTO departamentos (id_departamento, nombre_departamento) VALUES (09, "Las Colonias");
INSERT INTO departamentos (id_departamento, nombre_departamento) VALUES (10, "La Capital");
INSERT INTO departamentos (id_departamento, nombre_departamento) VALUES (11, "San Jerónimo");
INSERT INTO departamentos (id_departamento, nombre_departamento) VALUES (12, "San Martín");
INSERT INTO departamentos (id_departamento, nombre_departamento) VALUES (13, "Belgrano");
INSERT INTO departamentos (id_departamento, nombre_departamento) VALUES (14, "Iriondo");
INSERT INTO departamentos (id_departamento, nombre_departamento) VALUES (15, "San Lorenzo");
INSERT INTO departamentos (id_departamento, nombre_departamento) VALUES (16, "Rosario");
INSERT INTO departamentos (id_departamento, nombre_departamento) VALUES (17, "General López");
INSERT INTO departamentos (id_departamento, nombre_departamento) VALUES (18, "Caseros");
INSERT INTO departamentos (id_departamento, nombre_departamento) VALUES (19, "Constitución");

--Creación de tabla de nodos y cargado de datos
CREATE TABLE IF NOT EXISTS nodos (
	id_nodo INT PRIMARY KEY,
	nombre_nodo VARCHAR(50) NOT NULL
);

INSERT INTO nodos (id_nodo, nombre_nodo) VALUES (1,"Reconquista");
INSERT INTO nodos (id_nodo, nombre_nodo) VALUES (2,"Rafaela");
INSERT INTO nodos (id_nodo, nombre_nodo) VALUES (3,"Santa Fe");
INSERT INTO nodos (id_nodo, nombre_nodo) VALUES (4,"Rosario");
INSERT INTO nodos (id_nodo, nombre_nodo) VALUES (5,"Venado Tuerto");



--Creación de tabla localidad y cargado de datos
CREATE TABLE IF NOT EXISTS localidades (
	id INT(4) AUTO_INCREMENT PRIMARY KEY,
	nombre_localidad VARCHAR(50) NOT NULL,
	id_departamento INT,
	id_nodo INT,
	categoria VARCHAR(50),
	codigo_postal VARCHAR(8)
);

INSERT INTO localidades (nombre_localidad, id_departamento, id_nodo, categoria, codigo_postal) VALUES ("AARON CASTELLANOS",17,5,"Comuna","6106");
INSERT INTO localidades (nombre_localidad, id_departamento, id_nodo, categoria, codigo_postal) VALUES ("ACEBAL",16,4,"Comuna","2109");
INSERT INTO localidades (nombre_localidad, id_departamento, id_nodo, categoria, codigo_postal) VALUES ("AGUARA GRANDE",07,2,"Comuna","3071");
INSERT INTO localidades (nombre_localidad, id_departamento, id_nodo, categoria, codigo_postal) VALUES ("ALBARELLOS",16,4,"Comuna","2101");
INSERT INTO localidades (nombre_localidad, id_departamento, id_nodo, categoria, codigo_postal) VALUES ("ALCORTA",19,4,"Comuna","2117");
INSERT INTO localidades (nombre_localidad, id_departamento, id_nodo, categoria, codigo_postal) VALUES ("ALDAO",15,4,"Comuna","2214");
INSERT INTO localidades (nombre_localidad, id_departamento, id_nodo, categoria, codigo_postal) VALUES ("ALEJANDRA",04,1,"Comuna","3051");
INSERT INTO localidades (nombre_localidad, id_departamento, id_nodo, categoria, codigo_postal) VALUES ("ALVAREZ",16,4,"Comuna","2107");
INSERT INTO localidades (nombre_localidad, id_departamento, id_nodo, categoria, codigo_postal) VALUES ("ALVEAR",16,4,"Comuna","2130");
INSERT INTO localidades (nombre_localidad, id_departamento, id_nodo, categoria, codigo_postal) VALUES ("AMBROSETTI",07,2,"Comuna","2352");
INSERT INTO localidades (nombre_localidad, id_departamento, id_nodo, categoria, codigo_postal) VALUES ("AMENABAR",17,5,"Comuna","6103");
INSERT INTO localidades (nombre_localidad, id_departamento, id_nodo, categoria, codigo_postal) VALUES ("ANGELICA",08,2,"Comuna","2303");
INSERT INTO localidades (nombre_localidad, id_departamento, id_nodo, categoria, codigo_postal) VALUES ("ANGELONI",06,3,"Comuna","3048");
INSERT INTO localidades (nombre_localidad, id_departamento, id_nodo, categoria, codigo_postal) VALUES ("AREQUITO",18,4,"Comuna","2183");
INSERT INTO localidades (nombre_localidad, id_departamento, id_nodo, categoria, codigo_postal) VALUES ("ARMINDA",16,4,"Comuna","2119");
INSERT INTO localidades (nombre_localidad, id_departamento, id_nodo, categoria, codigo_postal) VALUES ("ARMSTRONG",13,4,"Municipalidad","2508");
INSERT INTO localidades (nombre_localidad, id_departamento, id_nodo, categoria, codigo_postal) VALUES ("AROCENA",11,3,"Comuna","2242");
INSERT INTO localidades (nombre_localidad, id_departamento, id_nodo, categoria, codigo_postal) VALUES ("ARROYO AGUIAR",10,3,"Comuna","3031");
INSERT INTO localidades (nombre_localidad, id_departamento, id_nodo, categoria, codigo_postal) VALUES ("ARROYO CEIBAL",03,1,"Comuna","3575");
INSERT INTO localidades (nombre_localidad, id_departamento, id_nodo, categoria, codigo_postal) VALUES ("ARROYO LEYES",10,3,"Comuna","3001");
INSERT INTO localidades (nombre_localidad, id_departamento, id_nodo, categoria, codigo_postal) VALUES ("ARROYO SECO",16,4,"Municipalidad","2128");
INSERT INTO localidades (nombre_localidad, id_departamento, id_nodo, categoria, codigo_postal) VALUES ("ARRUFO",07,2,"Comuna","2344");
INSERT INTO localidades (nombre_localidad, id_departamento, id_nodo, categoria, codigo_postal) VALUES ("ARTEAGA",18,4,"Comuna","2187");
INSERT INTO localidades (nombre_localidad, id_departamento, id_nodo, categoria, codigo_postal) VALUES ("ATALIVA",08,2,"Comuna","2307");
INSERT INTO localidades (nombre_localidad, id_departamento, id_nodo, categoria, codigo_postal) VALUES ("AURELIA",08,2,"Comuna","2318");
INSERT INTO localidades (nombre_localidad, id_departamento, id_nodo, categoria, codigo_postal) VALUES ("AVELLANEDA",03,1,"Municipalidad","3561");
INSERT INTO localidades (nombre_localidad, id_departamento, id_nodo, categoria, codigo_postal) VALUES ("BARRANCAS",11,3,"Comuna","2246");
INSERT INTO localidades (nombre_localidad, id_departamento, id_nodo, categoria, codigo_postal) VALUES ("BAUER Y SIGEL",08,2,"Comuna","2403");
INSERT INTO localidades (nombre_localidad, id_departamento, id_nodo, categoria, codigo_postal) VALUES ("BELLA ITALIA",08,2,"Comuna","2301");
INSERT INTO localidades (nombre_localidad, id_departamento, id_nodo, categoria, codigo_postal) VALUES ("BERABEVÚ",18,5,"Comuna","2639");
INSERT INTO localidades (nombre_localidad, id_departamento, id_nodo, categoria, codigo_postal) VALUES ("BERNA",03,1,"Comuna","3569");
INSERT INTO localidades (nombre_localidad, id_departamento, id_nodo, categoria, codigo_postal) VALUES ("BERNARDO DE IRIGOYEN",11,3,"Comuna","2248");
INSERT INTO localidades (nombre_localidad, id_departamento, id_nodo, categoria, codigo_postal) VALUES ("BIGAND",18,4,"Comuna","2177");
INSERT INTO localidades (nombre_localidad, id_departamento, id_nodo, categoria, codigo_postal) VALUES ("BOMBAL",19,5,"Comuna","2179");
INSERT INTO localidades (nombre_localidad, id_departamento, id_nodo, categoria, codigo_postal) VALUES ("BOUQUET",13,4,"Comuna","2523");
INSERT INTO localidades (nombre_localidad, id_departamento, id_nodo, categoria, codigo_postal) VALUES ("BUSTINZA",14,4,"Comuna","2501");
INSERT INTO localidades (nombre_localidad, id_departamento, id_nodo, categoria, codigo_postal) VALUES ("CABAL",10,3,"Comuna","3091");
INSERT INTO localidades (nombre_localidad, id_departamento, id_nodo, categoria, codigo_postal) VALUES ("CACIQUE ARIACAIQUIN",04,3,"Comuna","3041");
INSERT INTO localidades (nombre_localidad, id_departamento, id_nodo, categoria, codigo_postal) VALUES ("CAFFERATA",17,5,"Comuna","2643");
INSERT INTO localidades (nombre_localidad, id_departamento, id_nodo, categoria, codigo_postal) VALUES ("CALCHAQUI",02,1,"Municipalidad","3050");
INSERT INTO localidades (nombre_localidad, id_departamento, id_nodo, categoria, codigo_postal) VALUES ("CAMPO ANDINO",10,3,"Comuna","3021");
INSERT INTO localidades (nombre_localidad, id_departamento, id_nodo, categoria, codigo_postal) VALUES ("CAMPO PIAGGIO",11,3,"Comuna","2252");
INSERT INTO localidades (nombre_localidad, id_departamento, id_nodo, categoria, codigo_postal) VALUES ("CANDIOTI",10,3,"Comuna","2469");
INSERT INTO localidades (nombre_localidad, id_departamento, id_nodo, categoria, codigo_postal) VALUES ("CAÑADA DE GOMEZ",14,4,"Municipalidad","2500");
INSERT INTO localidades (nombre_localidad, id_departamento, id_nodo, categoria, codigo_postal) VALUES ("CAÑADA DEL UCLE",17,5,"Comuna","2635");
INSERT INTO localidades (nombre_localidad, id_departamento, id_nodo, categoria, codigo_postal) VALUES ("CAÑADA OMBÚ",02,1,"Comuna","3551");
INSERT INTO localidades (nombre_localidad, id_departamento, id_nodo, categoria, codigo_postal) VALUES ("CAÑADA RICA",19,4,"Comuna","2105");
INSERT INTO localidades (nombre_localidad, id_departamento, id_nodo, categoria, codigo_postal) VALUES ("CAÑADA ROSQUIN",12,4,"Comuna","2454");
INSERT INTO localidades (nombre_localidad, id_departamento, id_nodo, categoria, codigo_postal) VALUES ("CAPITAN BERMÚDEZ",15,4,"Municipalidad","2154");
INSERT INTO localidades (nombre_localidad, id_departamento, id_nodo, categoria, codigo_postal) VALUES ("CAPIVARA",07,2,"Comuna","2311");
INSERT INTO localidades (nombre_localidad, id_departamento, id_nodo, categoria, codigo_postal) VALUES ("CARCARAÑA",15,4,"Municipalidad","2138");
INSERT INTO localidades (nombre_localidad, id_departamento, id_nodo, categoria, codigo_postal) VALUES ("CARLOS PELLEGRINI",12,4,"Comuna","2453");
INSERT INTO localidades (nombre_localidad, id_departamento, id_nodo, categoria, codigo_postal) VALUES ("CARMEN",17,5,"Comuna","2618");
INSERT INTO localidades (nombre_localidad, id_departamento, id_nodo, categoria, codigo_postal) VALUES ("CARMEN DEL SAUCE",16,4,"Comuna","2109");
INSERT INTO localidades (nombre_localidad, id_departamento, id_nodo, categoria, codigo_postal) VALUES ("CARRERAS",17,5,"Comuna","2729");
INSERT INTO localidades (nombre_localidad, id_departamento, id_nodo, categoria, codigo_postal) VALUES ("CARRIZALES",14,4,"Comuna","2218");
INSERT INTO localidades (nombre_localidad, id_departamento, id_nodo, categoria, codigo_postal) VALUES ("CASALEGNO",11,3,"Comuna","2248");
INSERT INTO localidades (nombre_localidad, id_departamento, id_nodo, categoria, codigo_postal) VALUES ("CASAS",12,4,"Comuna","2148");
INSERT INTO localidades (nombre_localidad, id_departamento, id_nodo, categoria, codigo_postal) VALUES ("CASILDA",18,4,"Municipalidad","2170");
INSERT INTO localidades (nombre_localidad, id_departamento, id_nodo, categoria, codigo_postal) VALUES ("CASTELAR",12,2,"Comuna","2401");
INSERT INTO localidades (nombre_localidad, id_departamento, id_nodo, categoria, codigo_postal) VALUES ("CAYASTA",05,3,"Comuna","3001");
INSERT INTO localidades (nombre_localidad, id_departamento, id_nodo, categoria, codigo_postal) VALUES ("CAYASTACITO",06,3,"Comuna","3038");
INSERT INTO localidades (nombre_localidad, id_departamento, id_nodo, categoria, codigo_postal) VALUES ("CENTENO",11,4,"Comuna","2148");
INSERT INTO localidades (nombre_localidad, id_departamento, id_nodo, categoria, codigo_postal) VALUES ("CEPEDA",19,4,"Comuna","2118");
INSERT INTO localidades (nombre_localidad, id_departamento, id_nodo, categoria, codigo_postal) VALUES ("CERES",07,2,"Municipalidad","2340");
INSERT INTO localidades (nombre_localidad, id_departamento, id_nodo, categoria, codigo_postal) VALUES ("CHABAS",18,4,"Comuna","2173");
INSERT INTO localidades (nombre_localidad, id_departamento, id_nodo, categoria, codigo_postal) VALUES ("CHAÑAR LADEADO",18,5,"Comuna","2643");
INSERT INTO localidades (nombre_localidad, id_departamento, id_nodo, categoria, codigo_postal) VALUES ("CHAPUY",17,5,"Comuna","2603");
INSERT INTO localidades (nombre_localidad, id_departamento, id_nodo, categoria, codigo_postal) VALUES ("CHOVET",17,5,"Comuna","2633");
INSERT INTO localidades (nombre_localidad, id_departamento, id_nodo, categoria, codigo_postal) VALUES ("CHRISTOPHERSEN",17,5,"Comuna","2611");
INSERT INTO localidades (nombre_localidad, id_departamento, id_nodo, categoria, codigo_postal) VALUES ("CLASON",14,4,"Comuna","2146");
INSERT INTO localidades (nombre_localidad, id_departamento, id_nodo, categoria, codigo_postal) VALUES ("COLONIA ALDAO",08,2,"Comuna","2317");
INSERT INTO localidades (nombre_localidad, id_departamento, id_nodo, categoria, codigo_postal) VALUES ("COLONIA ANA",07,2,"Comuna","2345");
INSERT INTO localidades (nombre_localidad, id_departamento, id_nodo, categoria, codigo_postal) VALUES ("COLONIA BELGRANO",12,4,"Comuna","2257");
INSERT INTO localidades (nombre_localidad, id_departamento, id_nodo, categoria, codigo_postal) VALUES ("COLONIA BICHA",08,2,"Comuna","2317");
INSERT INTO localidades (nombre_localidad, id_departamento, id_nodo, categoria, codigo_postal) VALUES ("COLONIA BIGAND",08,2,"Comuna","2317");
INSERT INTO localidades (nombre_localidad, id_departamento, id_nodo, categoria, codigo_postal) VALUES ("COLONIA BOSSI",07,2,"Comuna","2326");
INSERT INTO localidades (nombre_localidad, id_departamento, id_nodo, categoria, codigo_postal) VALUES ("COLONIA CASTELLANOS",08,2,"Comuna","2310");
INSERT INTO localidades (nombre_localidad, id_departamento, id_nodo, categoria, codigo_postal) VALUES ("COLONIA CAVOUR",09,3,"Comuna","3081");
INSERT INTO localidades (nombre_localidad, id_departamento, id_nodo, categoria, codigo_postal) VALUES ("COLONIA CELLO",08,2,"Comuna","2405");
INSERT INTO localidades (nombre_localidad, id_departamento, id_nodo, categoria, codigo_postal) VALUES ("COLONIA DOLORES",06,3,"Comuna","3045");
INSERT INTO localidades (nombre_localidad, id_departamento, id_nodo, categoria, codigo_postal) VALUES ("DOS ROSAS Y LA LEGUA",07,2,"Comuna","2349");
INSERT INTO localidades (nombre_localidad, id_departamento, id_nodo, categoria, codigo_postal) VALUES ("COLONIA DURAN",04,1,"Comuna","3553");
INSERT INTO localidades (nombre_localidad, id_departamento, id_nodo, categoria, codigo_postal) VALUES ("COLONIA ESTHER",06,3,"Comuna","3036");
INSERT INTO localidades (nombre_localidad, id_departamento, id_nodo, categoria, codigo_postal) VALUES ("COLONIA ITURRASPE",08,2,"Comuna","2407");
INSERT INTO localidades (nombre_localidad, id_departamento, id_nodo, categoria, codigo_postal) VALUES ("COLONIA LA CLARA",07,2,"Comuna","3025");
INSERT INTO localidades (nombre_localidad, id_departamento, id_nodo, categoria, codigo_postal) VALUES ("COLONIA MARGARITA",08,2,"Comuna","2443");
INSERT INTO localidades (nombre_localidad, id_departamento, id_nodo, categoria, codigo_postal) VALUES ("COLONIA MASCIAS",05,3,"Comuna","3001");
INSERT INTO localidades (nombre_localidad, id_departamento, id_nodo, categoria, codigo_postal) VALUES ("COLONIA MAUA",08,2,"Comuna","2311");
INSERT INTO localidades (nombre_localidad, id_departamento, id_nodo, categoria, codigo_postal) VALUES ("COLONIA RAQUEL",08,2,"Comuna","2322");
INSERT INTO localidades (nombre_localidad, id_departamento, id_nodo, categoria, codigo_postal) VALUES ("COLONIA ROSA",07,2,"Comuna","2351");
INSERT INTO localidades (nombre_localidad, id_departamento, id_nodo, categoria, codigo_postal) VALUES ("COLONIA SAN JOSE",09,3,"Comuna","3016");
INSERT INTO localidades (nombre_localidad, id_departamento, id_nodo, categoria, codigo_postal) VALUES ("COLONIA SILVA",06,3,"Comuna","3042");
INSERT INTO localidades (nombre_localidad, id_departamento, id_nodo, categoria, codigo_postal) VALUES ("COLONIA TERESA",04,3,"Comuna","3005");
INSERT INTO localidades (nombre_localidad, id_departamento, id_nodo, categoria, codigo_postal) VALUES ("CONSTANZA",07,2,"Comuna","2311");
INSERT INTO localidades (nombre_localidad, id_departamento, id_nodo, categoria, codigo_postal) VALUES ("CORONDA",11,3,"Municipalidad","2240");
INSERT INTO localidades (nombre_localidad, id_departamento, id_nodo, categoria, codigo_postal) VALUES ("CORONEL ARNOLD",15,4,"Comuna","2131");
INSERT INTO localidades (nombre_localidad, id_departamento, id_nodo, categoria, codigo_postal) VALUES ("CORONEL BOGADO",16,4,"Comuna","2103");
INSERT INTO localidades (nombre_localidad, id_departamento, id_nodo, categoria, codigo_postal) VALUES ("CORONEL DOMINGUEZ",16,4,"Comuna","2114");
INSERT INTO localidades (nombre_localidad, id_departamento, id_nodo, categoria, codigo_postal) VALUES ("CORONEL FRAGA",08,2,"Comuna","2301");
INSERT INTO localidades (nombre_localidad, id_departamento, id_nodo, categoria, codigo_postal) VALUES ("CORREA",14,4,"Comuna","2506");
INSERT INTO localidades (nombre_localidad, id_departamento, id_nodo, categoria, codigo_postal) VALUES ("CRISPI",12,2,"Comuna","2441");
INSERT INTO localidades (nombre_localidad, id_departamento, id_nodo, categoria, codigo_postal) VALUES ("CULULÚ",09,3,"Comuna","3023");
INSERT INTO localidades (nombre_localidad, id_departamento, id_nodo, categoria, codigo_postal) VALUES ("CURUPAITY",07,2,"Comuna","2342");
INSERT INTO localidades (nombre_localidad, id_departamento, id_nodo, categoria, codigo_postal) VALUES ("DESVIO ARIJON",11,3,"Comuna","2242");
INSERT INTO localidades (nombre_localidad, id_departamento, id_nodo, categoria, codigo_postal) VALUES ("DIAZ",11,3,"Comuna","2222");
INSERT INTO localidades (nombre_localidad, id_departamento, id_nodo, categoria, codigo_postal) VALUES ("DIEGO DE ALVEAR",17,5,"Comuna","6036");
INSERT INTO localidades (nombre_localidad, id_departamento, id_nodo, categoria, codigo_postal) VALUES ("EGUSQUIZA",08,2,"Comuna","2319");
INSERT INTO localidades (nombre_localidad, id_departamento, id_nodo, categoria, codigo_postal) VALUES ("EL ARAZA",03,1,"Comuna","3563");
INSERT INTO localidades (nombre_localidad, id_departamento, id_nodo, categoria, codigo_postal) VALUES ("EL RABON",03,1,"Comuna","3592");
INSERT INTO localidades (nombre_localidad, id_departamento, id_nodo, categoria, codigo_postal) VALUES ("EL SOMBRERITO",03,1,"Comuna","3585");
INSERT INTO localidades (nombre_localidad, id_departamento, id_nodo, categoria, codigo_postal) VALUES ("EL TREBOL",12,4,"Municipalidad","2535");
INSERT INTO localidades (nombre_localidad, id_departamento, id_nodo, categoria, codigo_postal) VALUES ("ELISA",09,3,"Comuna","3029");
INSERT INTO localidades (nombre_localidad, id_departamento, id_nodo, categoria, codigo_postal) VALUES ("ELORTONDO",17,5,"Comuna","2732");
INSERT INTO localidades (nombre_localidad, id_departamento, id_nodo, categoria, codigo_postal) VALUES ("EMILIA",10,3,"Comuna","3092");
INSERT INTO localidades (nombre_localidad, id_departamento, id_nodo, categoria, codigo_postal) VALUES ("EMPALME SAN CARLOS",09,3,"Comuna","3007");
INSERT INTO localidades (nombre_localidad, id_departamento, id_nodo, categoria, codigo_postal) VALUES ("EMPALME VILLA CONSTITUCION",19,4,"Comuna","2918");
INSERT INTO localidades (nombre_localidad, id_departamento, id_nodo, categoria, codigo_postal) VALUES ("ESMERALDA",08,2,"Comuna","2456");
INSERT INTO localidades (nombre_localidad, id_departamento, id_nodo, categoria, codigo_postal) VALUES ("ESPERANZA",09,3,"Municipalidad","3080");
INSERT INTO localidades (nombre_localidad, id_departamento, id_nodo, categoria, codigo_postal) VALUES ("ESTACION CLUCELLAS",08,2,"Comuna","2408");
INSERT INTO localidades (nombre_localidad, id_departamento, id_nodo, categoria, codigo_postal) VALUES ("ESTACION SAGUIER",08,2,"Comuna","2301");
INSERT INTO localidades (nombre_localidad, id_departamento, id_nodo, categoria, codigo_postal) VALUES ("ESTEBAN RAMS",01,2,"Comuna","3066");
INSERT INTO localidades (nombre_localidad, id_departamento, id_nodo, categoria, codigo_postal) VALUES ("EUSEBIA",08,2,"Comuna","2317");
INSERT INTO localidades (nombre_localidad, id_departamento, id_nodo, categoria, codigo_postal) VALUES ("EUSTOLIA",08,2,"Comuna","2407");
INSERT INTO localidades (nombre_localidad, id_departamento, id_nodo, categoria, codigo_postal) VALUES ("FELICIA",09,3,"Comuna","3087");
INSERT INTO localidades (nombre_localidad, id_departamento, id_nodo, categoria, codigo_postal) VALUES ("FIDELA",08,2,"Comuna","2301");
INSERT INTO localidades (nombre_localidad, id_departamento, id_nodo, categoria, codigo_postal) VALUES ("FIGHIERA",16,4,"Comuna","2126");
INSERT INTO localidades (nombre_localidad, id_departamento, id_nodo, categoria, codigo_postal) VALUES ("FIRMAT",17,5,"Municipalidad","2630");
INSERT INTO localidades (nombre_localidad, id_departamento, id_nodo, categoria, codigo_postal) VALUES ("FLORENCIA",03,1,"Comuna","3516");
INSERT INTO localidades (nombre_localidad, id_departamento, id_nodo, categoria, codigo_postal) VALUES ("FORTIN OLMOS",02,1,"Comuna","3553");
INSERT INTO localidades (nombre_localidad, id_departamento, id_nodo, categoria, codigo_postal) VALUES ("FRANCK",09,3,"Comuna","3009");
INSERT INTO localidades (nombre_localidad, id_departamento, id_nodo, categoria, codigo_postal) VALUES ("FRAY LUIS BELTRAN",15,4,"Municipalidad","2156");
INSERT INTO localidades (nombre_localidad, id_departamento, id_nodo, categoria, codigo_postal) VALUES ("FRONTERA",08,2,"Municipalidad","2438");
INSERT INTO localidades (nombre_localidad, id_departamento, id_nodo, categoria, codigo_postal) VALUES ("FUENTES",15,4,"Comuna","2123");
INSERT INTO localidades (nombre_localidad, id_departamento, id_nodo, categoria, codigo_postal) VALUES ("FUNES",16,4,"Municipalidad","2132");
INSERT INTO localidades (nombre_localidad, id_departamento, id_nodo, categoria, codigo_postal) VALUES ("GABOTO",11,3,"Comuna","2208");
INSERT INTO localidades (nombre_localidad, id_departamento, id_nodo, categoria, codigo_postal) VALUES ("GALISTEO",08,2,"Comuna","2307");
INSERT INTO localidades (nombre_localidad, id_departamento, id_nodo, categoria, codigo_postal) VALUES ("GALVEZ",11,3,"Municipalidad","2252");
INSERT INTO localidades (nombre_localidad, id_departamento, id_nodo, categoria, codigo_postal) VALUES ("GARABATO",02,1,"Comuna","3551");
INSERT INTO localidades (nombre_localidad, id_departamento, id_nodo, categoria, codigo_postal) VALUES ("GARIBALDI",08,2,"Comuna","2443");
INSERT INTO localidades (nombre_localidad, id_departamento, id_nodo, categoria, codigo_postal) VALUES ("GATO COLORADO",01,2,"Comuna","3541");
INSERT INTO localidades (nombre_localidad, id_departamento, id_nodo, categoria, codigo_postal) VALUES ("GENERAL GELLY",19,4,"Comuna","2701");
INSERT INTO localidades (nombre_localidad, id_departamento, id_nodo, categoria, codigo_postal) VALUES ("GENERAL LAGOS",16,4,"Comuna","2127");
INSERT INTO localidades (nombre_localidad, id_departamento, id_nodo, categoria, codigo_postal) VALUES ("GESSLER",11,3,"Comuna","2253");
INSERT INTO localidades (nombre_localidad, id_departamento, id_nodo, categoria, codigo_postal) VALUES ("GOBERNADOR  CRESPO",06,3,"Comuna","3044");
INSERT INTO localidades (nombre_localidad, id_departamento, id_nodo, categoria, codigo_postal) VALUES ("GODEKEN",18,5,"Comuna","2640");
INSERT INTO localidades (nombre_localidad, id_departamento, id_nodo, categoria, codigo_postal) VALUES ("GODOY",19,4,"Comuna","2921");
INSERT INTO localidades (nombre_localidad, id_departamento, id_nodo, categoria, codigo_postal) VALUES ("GOLONDRINA",02,1,"Comuna","3551");
INSERT INTO localidades (nombre_localidad, id_departamento, id_nodo, categoria, codigo_postal) VALUES ("GRANADERO BAIGORRIA",16,4,"Municipalidad","2152");
INSERT INTO localidades (nombre_localidad, id_departamento, id_nodo, categoria, codigo_postal) VALUES ("GREGORIA PEREZ DE DENIS",01,2,"Comuna","3061");
INSERT INTO localidades (nombre_localidad, id_departamento, id_nodo, categoria, codigo_postal) VALUES ("GRUTLY",09,3,"Comuna","3083");
INSERT INTO localidades (nombre_localidad, id_departamento, id_nodo, categoria, codigo_postal) VALUES ("GUADALUPE NORTE",03,1,"Comuna","3574");
INSERT INTO localidades (nombre_localidad, id_departamento, id_nodo, categoria, codigo_postal) VALUES ("HELVECIA",05,3,"Comuna","3003");
INSERT INTO localidades (nombre_localidad, id_departamento, id_nodo, categoria, codigo_postal) VALUES ("HERSILIA",07,2,"Comuna","2352");
INSERT INTO localidades (nombre_localidad, id_departamento, id_nodo, categoria, codigo_postal) VALUES ("HIPATIA",09,3,"Comuna","3023");
INSERT INTO localidades (nombre_localidad, id_departamento, id_nodo, categoria, codigo_postal) VALUES ("HUANQUEROS",07,2,"Comuna","3076");
INSERT INTO localidades (nombre_localidad, id_departamento, id_nodo, categoria, codigo_postal) VALUES ("HUGENTOBLER",08,2,"Comuna","2317");
INSERT INTO localidades (nombre_localidad, id_departamento, id_nodo, categoria, codigo_postal) VALUES ("HUGHES",17,5,"Comuna","2725");
INSERT INTO localidades (nombre_localidad, id_departamento, id_nodo, categoria, codigo_postal) VALUES ("HUMBERTO PRIMO",08,2,"Comuna","2309");
INSERT INTO localidades (nombre_localidad, id_departamento, id_nodo, categoria, codigo_postal) VALUES ("HUMBOLDT",09,3,"Comuna","3081");
INSERT INTO localidades (nombre_localidad, id_departamento, id_nodo, categoria, codigo_postal) VALUES ("IBARLUCEA",16,4,"Comuna","2143");
INSERT INTO localidades (nombre_localidad, id_departamento, id_nodo, categoria, codigo_postal) VALUES ("ING. CHANOURDIE",03,1,"Comuna","3575");
INSERT INTO localidades (nombre_localidad, id_departamento, id_nodo, categoria, codigo_postal) VALUES ("INTIYACO",02,1,"Comuna","3551");
INSERT INTO localidades (nombre_localidad, id_departamento, id_nodo, categoria, codigo_postal) VALUES ("IRIGOYEN (PUEBLO)",11,3,"Comuna","2249");
INSERT INTO localidades (nombre_localidad, id_departamento, id_nodo, categoria, codigo_postal) VALUES ("ITUZAINGO",09,3,"Comuna","2311");
INSERT INTO localidades (nombre_localidad, id_departamento, id_nodo, categoria, codigo_postal) VALUES ("JACINTO L. ARAUZ",09,3,"Comuna","3029");
INSERT INTO localidades (nombre_localidad, id_departamento, id_nodo, categoria, codigo_postal) VALUES ("JOSEFINA",08,2,"Comuna","2403");
INSERT INTO localidades (nombre_localidad, id_departamento, id_nodo, categoria, codigo_postal) VALUES ("JUAN B. MOLINA",19,4,"Comuna","2104");
INSERT INTO localidades (nombre_localidad, id_departamento, id_nodo, categoria, codigo_postal) VALUES ("JUAN DE GARAY",01,2,"Comuna","3066");
INSERT INTO localidades (nombre_localidad, id_departamento, id_nodo, categoria, codigo_postal) VALUES ("JUNCAL",19,4,"Comuna","2723");
INSERT INTO localidades (nombre_localidad, id_departamento, id_nodo, categoria, codigo_postal) VALUES ("LA BRAVA",04,3,"Comuna","3045");
INSERT INTO localidades (nombre_localidad, id_departamento, id_nodo, categoria, codigo_postal) VALUES ("LA CABRAL",07,2,"Comuna","3074");
INSERT INTO localidades (nombre_localidad, id_departamento, id_nodo, categoria, codigo_postal) VALUES ("LA CAMILA",06,3,"Comuna","3054");
INSERT INTO localidades (nombre_localidad, id_departamento, id_nodo, categoria, codigo_postal) VALUES ("LA CHISPA",17,5,"Comuna","2601");
INSERT INTO localidades (nombre_localidad, id_departamento, id_nodo, categoria, codigo_postal) VALUES ("LA CRIOLLA",06,3,"Comuna","3052");
INSERT INTO localidades (nombre_localidad, id_departamento, id_nodo, categoria, codigo_postal) VALUES ("LA GALLARETA",02,1,"Comuna","3057");
INSERT INTO localidades (nombre_localidad, id_departamento, id_nodo, categoria, codigo_postal) VALUES ("LA LUCILA",07,2,"Comuna","3072");
INSERT INTO localidades (nombre_localidad, id_departamento, id_nodo, categoria, codigo_postal) VALUES ("LA PELADA",09,3,"Comuna","3027");
INSERT INTO localidades (nombre_localidad, id_departamento, id_nodo, categoria, codigo_postal) VALUES ("LA PENCA    Y CARAGUATA",06,3,"Comuna","3045");
INSERT INTO localidades (nombre_localidad, id_departamento, id_nodo, categoria, codigo_postal) VALUES ("LA RUBIA",07,2,"Comuna","2342");
INSERT INTO localidades (nombre_localidad, id_departamento, id_nodo, categoria, codigo_postal) VALUES ("LA SARITA",03,1,"Comuna","3563");
INSERT INTO localidades (nombre_localidad, id_departamento, id_nodo, categoria, codigo_postal) VALUES ("LA VANGUARDIA",19,4,"Comuna","2105");
INSERT INTO localidades (nombre_localidad, id_departamento, id_nodo, categoria, codigo_postal) VALUES ("LABORDEBOY",17,5,"Comuna","2726");
INSERT INTO localidades (nombre_localidad, id_departamento, id_nodo, categoria, codigo_postal) VALUES ("LAGUNA PAIVA",10,3,"Municipalidad","3020");
INSERT INTO localidades (nombre_localidad, id_departamento, id_nodo, categoria, codigo_postal) VALUES ("LANDETA",12,4,"Comuna","2531");
INSERT INTO localidades (nombre_localidad, id_departamento, id_nodo, categoria, codigo_postal) VALUES ("LANTERI",03,1,"Comuna","3575");
INSERT INTO localidades (nombre_localidad, id_departamento, id_nodo, categoria, codigo_postal) VALUES ("LARRECHEA",11,3,"Comuna","2241");
INSERT INTO localidades (nombre_localidad, id_departamento, id_nodo, categoria, codigo_postal) VALUES ("LAS AVISPAS",07,2,"Comuna","3074");
INSERT INTO localidades (nombre_localidad, id_departamento, id_nodo, categoria, codigo_postal) VALUES ("LAS BANDURRIAS",12,4,"Comuna","2148");
INSERT INTO localidades (nombre_localidad, id_departamento, id_nodo, categoria, codigo_postal) VALUES ("LAS GARZAS",03,1,"Comuna","3574");
INSERT INTO localidades (nombre_localidad, id_departamento, id_nodo, categoria, codigo_postal) VALUES ("LAS PALMERAS",07,2,"Comuna","2326");
INSERT INTO localidades (nombre_localidad, id_departamento, id_nodo, categoria, codigo_postal) VALUES ("LAS PAREJAS",13,4,"Municipalidad","2505");
INSERT INTO localidades (nombre_localidad, id_departamento, id_nodo, categoria, codigo_postal) VALUES ("LAS PETACAS",12,2,"Comuna","2451");
INSERT INTO localidades (nombre_localidad, id_departamento, id_nodo, categoria, codigo_postal) VALUES ("LAS ROSAS",13,4,"Municipalidad","2520");
INSERT INTO localidades (nombre_localidad, id_departamento, id_nodo, categoria, codigo_postal) VALUES ("LAS TOSCAS",03,1,"Municipalidad","3586");
INSERT INTO localidades (nombre_localidad, id_departamento, id_nodo, categoria, codigo_postal) VALUES ("LAS TUNAS",09,3,"Comuna","3009");
INSERT INTO localidades (nombre_localidad, id_departamento, id_nodo, categoria, codigo_postal) VALUES ("LAZZARINO",17,5,"Comuna","6103");
INSERT INTO localidades (nombre_localidad, id_departamento, id_nodo, categoria, codigo_postal) VALUES ("LEHMANN",08,2,"Comuna","2305");
INSERT INTO localidades (nombre_localidad, id_departamento, id_nodo, categoria, codigo_postal) VALUES ("LLAMBI CAMPBELL",10,3,"Comuna","3036");
INSERT INTO localidades (nombre_localidad, id_departamento, id_nodo, categoria, codigo_postal) VALUES ("LOGROÑO",01,2,"Comuna","3066");
INSERT INTO localidades (nombre_localidad, id_departamento, id_nodo, categoria, codigo_postal) VALUES ("LOMA ALTA",11,3,"Comuna","2253");
INSERT INTO localidades (nombre_localidad, id_departamento, id_nodo, categoria, codigo_postal) VALUES ("LOPEZ",11,3,"Comuna","2255");
INSERT INTO localidades (nombre_localidad, id_departamento, id_nodo, categoria, codigo_postal) VALUES ("LOS AMORES",02,1,"Comuna","3551");
INSERT INTO localidades (nombre_localidad, id_departamento, id_nodo, categoria, codigo_postal) VALUES ("LOS CARDOS",12,4,"Comuna","2533");
INSERT INTO localidades (nombre_localidad, id_departamento, id_nodo, categoria, codigo_postal) VALUES ("LOS LAURELES",03,1,"Comuna","3567");
INSERT INTO localidades (nombre_localidad, id_departamento, id_nodo, categoria, codigo_postal) VALUES ("LOS MOLINOS",18,4,"Comuna","2181");
INSERT INTO localidades (nombre_localidad, id_departamento, id_nodo, categoria, codigo_postal) VALUES ("LOS QUIRQUINCHOS",18,5,"Comuna","2637");
INSERT INTO localidades (nombre_localidad, id_departamento, id_nodo, categoria, codigo_postal) VALUES ("LUCIO V. LOPEZ",14,4,"Comuna","2142");
INSERT INTO localidades (nombre_localidad, id_departamento, id_nodo, categoria, codigo_postal) VALUES ("LUIS PALACIOS",15,4,"Comuna","2142");
INSERT INTO localidades (nombre_localidad, id_departamento, id_nodo, categoria, codigo_postal) VALUES ("MACIEL",11,3,"Comuna","2209");
INSERT INTO localidades (nombre_localidad, id_departamento, id_nodo, categoria, codigo_postal) VALUES ("MAGGIOLO",17,5,"Comuna","2622");
INSERT INTO localidades (nombre_localidad, id_departamento, id_nodo, categoria, codigo_postal) VALUES ("MALABRIGO",03,1,"Municipalidad","3572");
INSERT INTO localidades (nombre_localidad, id_departamento, id_nodo, categoria, codigo_postal) VALUES ("MARCELINO ESCALADA",06,3,"Comuna","3042");
INSERT INTO localidades (nombre_localidad, id_departamento, id_nodo, categoria, codigo_postal) VALUES ("MARGARITA",02,1,"Comuna","3056");
INSERT INTO localidades (nombre_localidad, id_departamento, id_nodo, categoria, codigo_postal) VALUES ("MARIA JUANA",08,2,"Comuna","2445");
INSERT INTO localidades (nombre_localidad, id_departamento, id_nodo, categoria, codigo_postal) VALUES ("MARIA LUISA",09,3,"Comuna","3025");
INSERT INTO localidades (nombre_localidad, id_departamento, id_nodo, categoria, codigo_postal) VALUES ("MARIA SUSANA",12,4,"Comuna","2527");
INSERT INTO localidades (nombre_localidad, id_departamento, id_nodo, categoria, codigo_postal) VALUES ("MARIA TERESA",17,5,"Comuna","2609");
INSERT INTO localidades (nombre_localidad, id_departamento, id_nodo, categoria, codigo_postal) VALUES ("MATILDE",09,3,"Comuna","3013");
INSERT INTO localidades (nombre_localidad, id_departamento, id_nodo, categoria, codigo_postal) VALUES ("MAXIMO PAZ",19,4,"Comuna","2115");
INSERT INTO localidades (nombre_localidad, id_departamento, id_nodo, categoria, codigo_postal) VALUES ("MELINCUE",17,5,"Comuna","2728");
INSERT INTO localidades (nombre_localidad, id_departamento, id_nodo, categoria, codigo_postal) VALUES ("MIGUEL TORRES",17,5,"Comuna","2631");
INSERT INTO localidades (nombre_localidad, id_departamento, id_nodo, categoria, codigo_postal) VALUES ("MOISES VILLE",07,2,"Comuna","2313");
INSERT INTO localidades (nombre_localidad, id_departamento, id_nodo, categoria, codigo_postal) VALUES ("MONIGOTES",07,2,"Comuna","2342");
INSERT INTO localidades (nombre_localidad, id_departamento, id_nodo, categoria, codigo_postal) VALUES ("MONJE",11,3,"Comuna","2212");
INSERT INTO localidades (nombre_localidad, id_departamento, id_nodo, categoria, codigo_postal) VALUES ("MONTE OSCURIDAD",07,2,"Comuna","2349");
INSERT INTO localidades (nombre_localidad, id_departamento, id_nodo, categoria, codigo_postal) VALUES ("MONTE VERA",10,3,"Comuna","3030");
INSERT INTO localidades (nombre_localidad, id_departamento, id_nodo, categoria, codigo_postal) VALUES ("MONTEFIORE",01,2,"Comuna","2340");
INSERT INTO localidades (nombre_localidad, id_departamento, id_nodo, categoria, codigo_postal) VALUES ("MONTES DE OCA",13,4,"Comuna","2521");
INSERT INTO localidades (nombre_localidad, id_departamento, id_nodo, categoria, codigo_postal) VALUES ("MURPHY",17,5,"Comuna","2601");
INSERT INTO localidades (nombre_localidad, id_departamento, id_nodo, categoria, codigo_postal) VALUES ("NARE",06,3,"Comuna","3046");
INSERT INTO localidades (nombre_localidad, id_departamento, id_nodo, categoria, codigo_postal) VALUES ("NELSON",10,3,"Comuna","3032");
INSERT INTO localidades (nombre_localidad, id_departamento, id_nodo, categoria, codigo_postal) VALUES ("NICANOR MOLINAS",03,1,"Comuna","3563");
INSERT INTO localidades (nombre_localidad, id_departamento, id_nodo, categoria, codigo_postal) VALUES ("NUEVO TORINO",09,3,"Comuna","3088");
INSERT INTO localidades (nombre_localidad, id_departamento, id_nodo, categoria, codigo_postal) VALUES ("ÑANDUCITA",07,2,"Comuna","3072");
INSERT INTO localidades (nombre_localidad, id_departamento, id_nodo, categoria, codigo_postal) VALUES ("OLIVEROS",14,4,"Comuna","2206");
INSERT INTO localidades (nombre_localidad, id_departamento, id_nodo, categoria, codigo_postal) VALUES ("PALACIOS",07,2,"Comuna","2326");
INSERT INTO localidades (nombre_localidad, id_departamento, id_nodo, categoria, codigo_postal) VALUES ("PAVON",19,4,"Comuna","2920");
INSERT INTO localidades (nombre_localidad, id_departamento, id_nodo, categoria, codigo_postal) VALUES ("PAVON ARRIBA",19,4,"Comuna","2110");
INSERT INTO localidades (nombre_localidad, id_departamento, id_nodo, categoria, codigo_postal) VALUES ("PEDRO G. CELLO",06,3,"Comuna","3054");
INSERT INTO localidades (nombre_localidad, id_departamento, id_nodo, categoria, codigo_postal) VALUES ("PEREZ",16,4,"Municipalidad","2121");
INSERT INTO localidades (nombre_localidad, id_departamento, id_nodo, categoria, codigo_postal) VALUES ("PEYRANO",19,4,"Comuna","2113");
INSERT INTO localidades (nombre_localidad, id_departamento, id_nodo, categoria, codigo_postal) VALUES ("PIAMONTE",12,4,"Comuna","2529");
INSERT INTO localidades (nombre_localidad, id_departamento, id_nodo, categoria, codigo_postal) VALUES ("PILAR",09,3,"Comuna","3085");
INSERT INTO localidades (nombre_localidad, id_departamento, id_nodo, categoria, codigo_postal) VALUES ("PIÑERO",16,4,"Comuna","2119");
INSERT INTO localidades (nombre_localidad, id_departamento, id_nodo, categoria, codigo_postal) VALUES ("PLAZA CLUCELLAS",08,2,"Comuna","2407");
INSERT INTO localidades (nombre_localidad, id_departamento, id_nodo, categoria, codigo_postal) VALUES ("PORTUGALETE",07,2,"Comuna","3071");
INSERT INTO localidades (nombre_localidad, id_departamento, id_nodo, categoria, codigo_postal) VALUES ("POZO BORRADO",01,2,"Comuna","3067");
INSERT INTO localidades (nombre_localidad, id_departamento, id_nodo, categoria, codigo_postal) VALUES ("PRESIDENTE ROCA",08,2,"Comuna","2301");
INSERT INTO localidades (nombre_localidad, id_departamento, id_nodo, categoria, codigo_postal) VALUES ("PROGRESO",09,3,"Comuna","3023");
INSERT INTO localidades (nombre_localidad, id_departamento, id_nodo, categoria, codigo_postal) VALUES ("PROVIDENCIA",09,3,"Comuna","3025");
INSERT INTO localidades (nombre_localidad, id_departamento, id_nodo, categoria, codigo_postal) VALUES ("PUEBLO ANDINO",14,4,"Comuna","2215");
INSERT INTO localidades (nombre_localidad, id_departamento, id_nodo, categoria, codigo_postal) VALUES ("PUEBLO ESTHER",16,4,"Comuna","2126");
INSERT INTO localidades (nombre_localidad, id_departamento, id_nodo, categoria, codigo_postal) VALUES ("PUEBLO MARINI",08,2,"Comuna","2301");
INSERT INTO localidades (nombre_localidad, id_departamento, id_nodo, categoria, codigo_postal) VALUES ("PUEBLO MUÑOZ",16,4,"Comuna","2120");
INSERT INTO localidades (nombre_localidad, id_departamento, id_nodo, categoria, codigo_postal) VALUES ("PUERTO GENERAL SAN MARTIN",15,4,"Municipalidad","2202");
INSERT INTO localidades (nombre_localidad, id_departamento, id_nodo, categoria, codigo_postal) VALUES ("PUJATO",15,4,"Comuna","2123");
INSERT INTO localidades (nombre_localidad, id_departamento, id_nodo, categoria, codigo_postal) VALUES ("PUJATO NORTE",09,3,"Comuna","3080");
INSERT INTO localidades (nombre_localidad, id_departamento, id_nodo, categoria, codigo_postal) VALUES ("RAFAELA",08,2,"Municipalidad","2300");
INSERT INTO localidades (nombre_localidad, id_departamento, id_nodo, categoria, codigo_postal) VALUES ("RAMAYON",06,3,"Comuna","3042");
INSERT INTO localidades (nombre_localidad, id_departamento, id_nodo, categoria, codigo_postal) VALUES ("RAMONA",08,2,"Comuna","2301");
INSERT INTO localidades (nombre_localidad, id_departamento, id_nodo, categoria, codigo_postal) VALUES ("RECONQUISTA",03,1,"Municipalidad","3560");
INSERT INTO localidades (nombre_localidad, id_departamento, id_nodo, categoria, codigo_postal) VALUES ("RECREO",10,3,"Municipalidad","3018");
INSERT INTO localidades (nombre_localidad, id_departamento, id_nodo, categoria, codigo_postal) VALUES ("RICARDONE",15,4,"Comuna","2201");
INSERT INTO localidades (nombre_localidad, id_departamento, id_nodo, categoria, codigo_postal) VALUES ("RIVADAVIA",09,3,"Comuna","3081");
INSERT INTO localidades (nombre_localidad, id_departamento, id_nodo, categoria, codigo_postal) VALUES ("ROLDAN",15,4,"Municipalidad","2134");
INSERT INTO localidades (nombre_localidad, id_departamento, id_nodo, categoria, codigo_postal) VALUES ("ROMANG",04,1,"Comuna","3555");
INSERT INTO localidades (nombre_localidad, id_departamento, id_nodo, categoria, codigo_postal) VALUES ("ROSARIO",16,4,"Municipalidad","2000");
INSERT INTO localidades (nombre_localidad, id_departamento, id_nodo, categoria, codigo_postal) VALUES ("RUEDA",19,4,"Comuna","2923");
INSERT INTO localidades (nombre_localidad, id_departamento, id_nodo, categoria, codigo_postal) VALUES ("RUFINO",17,5,"Municipalidad","6100");
INSERT INTO localidades (nombre_localidad, id_departamento, id_nodo, categoria, codigo_postal) VALUES ("SA PEREIRA",09,3,"Comuna","3011");
INSERT INTO localidades (nombre_localidad, id_departamento, id_nodo, categoria, codigo_postal) VALUES ("SALADERO MARIANO CABAL",05,3,"Comuna","3001");
INSERT INTO localidades (nombre_localidad, id_departamento, id_nodo, categoria, codigo_postal) VALUES ("SALTO GRANDE",14,4,"Comuna","2142");
INSERT INTO localidades (nombre_localidad, id_departamento, id_nodo, categoria, codigo_postal) VALUES ("SAN AGUSTIN",09,3,"Comuna","3017");
INSERT INTO localidades (nombre_localidad, id_departamento, id_nodo, categoria, codigo_postal) VALUES ("SAN ANTONIO",08,2,"Comuna","2301");
INSERT INTO localidades (nombre_localidad, id_departamento, id_nodo, categoria, codigo_postal) VALUES ("SAN ANTONIO DE OBLIGADO",03,1,"Comuna","3587");
INSERT INTO localidades (nombre_localidad, id_departamento, id_nodo, categoria, codigo_postal) VALUES ("SAN BERNARDO",01,2,"Comuna","3061");
INSERT INTO localidades (nombre_localidad, id_departamento, id_nodo, categoria, codigo_postal) VALUES ("SAN BERNARDO",06,3,"Comuna","3048");
INSERT INTO localidades (nombre_localidad, id_departamento, id_nodo, categoria, codigo_postal) VALUES ("SAN CARLOS CENTRO",09,3,"Municipalidad","3013");
INSERT INTO localidades (nombre_localidad, id_departamento, id_nodo, categoria, codigo_postal) VALUES ("SAN CARLOS NORTE",09,3,"Comuna","3010");
INSERT INTO localidades (nombre_localidad, id_departamento, id_nodo, categoria, codigo_postal) VALUES ("SAN CARLOS SUD",09,3,"Comuna","3017");
INSERT INTO localidades (nombre_localidad, id_departamento, id_nodo, categoria, codigo_postal) VALUES ("SAN CRISTOBAL",07,2,"Municipalidad","3070");
INSERT INTO localidades (nombre_localidad, id_departamento, id_nodo, categoria, codigo_postal) VALUES ("SAN EDUARDO",17,5,"Comuna","2615");
INSERT INTO localidades (nombre_localidad, id_departamento, id_nodo, categoria, codigo_postal) VALUES ("SAN EUGENIO",11,3,"Comuna","2256");
INSERT INTO localidades (nombre_localidad, id_departamento, id_nodo, categoria, codigo_postal) VALUES ("SAN FABIAN",11,3,"Comuna","2243");
INSERT INTO localidades (nombre_localidad, id_departamento, id_nodo, categoria, codigo_postal) VALUES ("SAN FRANCISCO DE SANTA FE",17,5,"Comuna","2601");
INSERT INTO localidades (nombre_localidad, id_departamento, id_nodo, categoria, codigo_postal) VALUES ("SAN GENARO",11,4,"Municipalidad","2146");
INSERT INTO localidades (nombre_localidad, id_departamento, id_nodo, categoria, codigo_postal) VALUES ("SAN GREGORIO",17,5,"Comuna","2613");
INSERT INTO localidades (nombre_localidad, id_departamento, id_nodo, categoria, codigo_postal) VALUES ("SAN GUILLERMO",07,2,"Comuna","2347");
INSERT INTO localidades (nombre_localidad, id_departamento, id_nodo, categoria, codigo_postal) VALUES ("SAN JAVIER",04,3,"Municipalidad","3005");
INSERT INTO localidades (nombre_localidad, id_departamento, id_nodo, categoria, codigo_postal) VALUES ("SAN JERONIMO DEL SAUCE",09,3,"Comuna","3012");
INSERT INTO localidades (nombre_localidad, id_departamento, id_nodo, categoria, codigo_postal) VALUES ("SAN JERONIMO  NORTE",09,3,"Comuna","3015");
INSERT INTO localidades (nombre_localidad, id_departamento, id_nodo, categoria, codigo_postal) VALUES ("SAN JERONIMO SUD",15,4,"Comuna","2136");
INSERT INTO localidades (nombre_localidad, id_departamento, id_nodo, categoria, codigo_postal) VALUES ("SAN JORGE",12,2,"Municipalidad","2452");
INSERT INTO localidades (nombre_localidad, id_departamento, id_nodo, categoria, codigo_postal) VALUES ("SAN JOSE DE LA ESQUINA",18,4,"Comuna","2185");
INSERT INTO localidades (nombre_localidad, id_departamento, id_nodo, categoria, codigo_postal) VALUES ("SAN JOSE DEL RINCON",10,3,"Municipalidad","3089");
INSERT INTO localidades (nombre_localidad, id_departamento, id_nodo, categoria, codigo_postal) VALUES ("SAN JUSTO",06,3,"Municipalidad","3040");
INSERT INTO localidades (nombre_localidad, id_departamento, id_nodo, categoria, codigo_postal) VALUES ("SAN LORENZO",15,4,"Municipalidad","2200");
INSERT INTO localidades (nombre_localidad, id_departamento, id_nodo, categoria, codigo_postal) VALUES ("SAN MARIANO",09,3,"Comuna","3011");
INSERT INTO localidades (nombre_localidad, id_departamento, id_nodo, categoria, codigo_postal) VALUES ("SAN MARTIN DE LAS ESCOBAS",12,2,"Comuna","2449");
INSERT INTO localidades (nombre_localidad, id_departamento, id_nodo, categoria, codigo_postal) VALUES ("SAN MARTIN NORTE",06,3,"Comuna","3045");
INSERT INTO localidades (nombre_localidad, id_departamento, id_nodo, categoria, codigo_postal) VALUES ("SAN VICENTE",08,2,"Comuna","2447");
INSERT INTO localidades (nombre_localidad, id_departamento, id_nodo, categoria, codigo_postal) VALUES ("SANCTI SPIRITU",17,5,"Comuna","2617");
INSERT INTO localidades (nombre_localidad, id_departamento, id_nodo, categoria, codigo_postal) VALUES ("SANFORD",18,4,"Comuna","2174");
INSERT INTO localidades (nombre_localidad, id_departamento, id_nodo, categoria, codigo_postal) VALUES ("SANTA CLARA DE BUENA VISTA",09,3,"Comuna","2258");
INSERT INTO localidades (nombre_localidad, id_departamento, id_nodo, categoria, codigo_postal) VALUES ("SANTA CLARA DE SAGUIER",08,2,"Comuna","2405");
INSERT INTO localidades (nombre_localidad, id_departamento, id_nodo, categoria, codigo_postal) VALUES ("SANTA FE",10,3,"Municipalidad","3000");
INSERT INTO localidades (nombre_localidad, id_departamento, id_nodo, categoria, codigo_postal) VALUES ("SANTA  ISABEL",17,5,"Comuna","2605");
INSERT INTO localidades (nombre_localidad, id_departamento, id_nodo, categoria, codigo_postal) VALUES ("SANTA MARGARITA",01,2,"Comuna","3061");
INSERT INTO localidades (nombre_localidad, id_departamento, id_nodo, categoria, codigo_postal) VALUES ("SANTA MARIA CENTRO",09,3,"Comuna","3011");
INSERT INTO localidades (nombre_localidad, id_departamento, id_nodo, categoria, codigo_postal) VALUES ("SANTA MARIA NORTE",09,3,"Comuna","3011");
INSERT INTO localidades (nombre_localidad, id_departamento, id_nodo, categoria, codigo_postal) VALUES ("SANTA ROSA DE CALCHINES",05,3,"Comuna","3022");
INSERT INTO localidades (nombre_localidad, id_departamento, id_nodo, categoria, codigo_postal) VALUES ("SANTA TERESA",19,4,"Comuna","2111");
INSERT INTO localidades (nombre_localidad, id_departamento, id_nodo, categoria, codigo_postal) VALUES ("SANTO DOMINGO",09,3,"Comuna","3025");
INSERT INTO localidades (nombre_localidad, id_departamento, id_nodo, categoria, codigo_postal) VALUES ("SANTO TOME",10,3,"Municipalidad","3016");
INSERT INTO localidades (nombre_localidad, id_departamento, id_nodo, categoria, codigo_postal) VALUES ("SANTURCE",07,2,"Comuna","3074");
INSERT INTO localidades (nombre_localidad, id_departamento, id_nodo, categoria, codigo_postal) VALUES ("SARGENTO CABRAL",19,4,"Comuna","2106");
INSERT INTO localidades (nombre_localidad, id_departamento, id_nodo, categoria, codigo_postal) VALUES ("SARMIENTO",09,3,"Comuna","3024");
INSERT INTO localidades (nombre_localidad, id_departamento, id_nodo, categoria, codigo_postal) VALUES ("SASTRE",12,2,"Municipalidad","2440");
INSERT INTO localidades (nombre_localidad, id_departamento, id_nodo, categoria, codigo_postal) VALUES ("SAUCE VIEJO",10,3,"Comuna","3034");
INSERT INTO localidades (nombre_localidad, id_departamento, id_nodo, categoria, codigo_postal) VALUES ("SERODINO",14,4,"Comuna","2216");
INSERT INTO localidades (nombre_localidad, id_departamento, id_nodo, categoria, codigo_postal) VALUES ("SOLDINI",16,4,"Comuna","2107");
INSERT INTO localidades (nombre_localidad, id_departamento, id_nodo, categoria, codigo_postal) VALUES ("SOLEDAD",07,2,"Comuna","3025");
INSERT INTO localidades (nombre_localidad, id_departamento, id_nodo, categoria, codigo_postal) VALUES ("SOUTOMAYOR",09,3,"Comuna","3025");
INSERT INTO localidades (nombre_localidad, id_departamento, id_nodo, categoria, codigo_postal) VALUES ("SUARDI",07,2,"Comuna","2349");
INSERT INTO localidades (nombre_localidad, id_departamento, id_nodo, categoria, codigo_postal) VALUES ("SUNCHALES",08,2,"Municipalidad","2322");
INSERT INTO localidades (nombre_localidad, id_departamento, id_nodo, categoria, codigo_postal) VALUES ("SUSANA",08,2,"Comuna","2301");
INSERT INTO localidades (nombre_localidad, id_departamento, id_nodo, categoria, codigo_postal) VALUES ("TACUARENDI",03,1,"Comuna","3587");
INSERT INTO localidades (nombre_localidad, id_departamento, id_nodo, categoria, codigo_postal) VALUES ("TACURAL",08,2,"Comuna","2324");
INSERT INTO localidades (nombre_localidad, id_departamento, id_nodo, categoria, codigo_postal) VALUES ("TACURALES",08,2,"Comuna","2324");
INSERT INTO localidades (nombre_localidad, id_departamento, id_nodo, categoria, codigo_postal) VALUES ("TARTAGAL",02,1,"Comuna","3565");
INSERT INTO localidades (nombre_localidad, id_departamento, id_nodo, categoria, codigo_postal) VALUES ("TEODELINA",17,5,"Comuna","6009");
INSERT INTO localidades (nombre_localidad, id_departamento, id_nodo, categoria, codigo_postal) VALUES ("THEOBALD",19,4,"Comuna","2922");
INSERT INTO localidades (nombre_localidad, id_departamento, id_nodo, categoria, codigo_postal) VALUES ("TIMBÚES",15,4,"Comuna","2204");
INSERT INTO localidades (nombre_localidad, id_departamento, id_nodo, categoria, codigo_postal) VALUES ("TOBA",02,1,"Comuna","3551");
INSERT INTO localidades (nombre_localidad, id_departamento, id_nodo, categoria, codigo_postal) VALUES ("TORTUGAS",13,4,"Comuna","2512");
INSERT INTO localidades (nombre_localidad, id_departamento, id_nodo, categoria, codigo_postal) VALUES ("TOSTADO",01,2,"Municipalidad","3060");
INSERT INTO localidades (nombre_localidad, id_departamento, id_nodo, categoria, codigo_postal) VALUES ("TOTORAS",14,4,"Municipalidad","2144");
INSERT INTO localidades (nombre_localidad, id_departamento, id_nodo, categoria, codigo_postal) VALUES ("TRAILL",12,2,"Comuna","2456");
INSERT INTO localidades (nombre_localidad, id_departamento, id_nodo, categoria, codigo_postal) VALUES ("URANGA",16,4,"Comuna","2112");
INSERT INTO localidades (nombre_localidad, id_departamento, id_nodo, categoria, codigo_postal) VALUES ("VENADO TUERTO",17,5,"Municipalidad","2600");
INSERT INTO localidades (nombre_localidad, id_departamento, id_nodo, categoria, codigo_postal) VALUES ("VERA",02,1,"Municipalidad","3550");
INSERT INTO localidades (nombre_localidad, id_departamento, id_nodo, categoria, codigo_postal) VALUES ("VERA Y PINTADO",06,3,"Comuna","3054");
INSERT INTO localidades (nombre_localidad, id_departamento, id_nodo, categoria, codigo_postal) VALUES ("VIDELA",06,3,"Comuna","3048");
INSERT INTO localidades (nombre_localidad, id_departamento, id_nodo, categoria, codigo_postal) VALUES ("VILA",08,2,"Comuna","2306");
INSERT INTO localidades (nombre_localidad, id_departamento, id_nodo, categoria, codigo_postal) VALUES ("VILLA AMELIA",16,4,"Comuna","2101");
INSERT INTO localidades (nombre_localidad, id_departamento, id_nodo, categoria, codigo_postal) VALUES ("VILLA ANA",03,1,"Comuna","3589");
INSERT INTO localidades (nombre_localidad, id_departamento, id_nodo, categoria, codigo_postal) VALUES ("VILLA CAÑAS",17,5,"Municipalidad","2607");
INSERT INTO localidades (nombre_localidad, id_departamento, id_nodo, categoria, codigo_postal) VALUES ("VILLA CONSTITUCION",19,4,"Municipalidad","2919");
INSERT INTO localidades (nombre_localidad, id_departamento, id_nodo, categoria, codigo_postal) VALUES ("VILLA ELOISA",14,4,"Comuna","2503");
INSERT INTO localidades (nombre_localidad, id_departamento, id_nodo, categoria, codigo_postal) VALUES ("VILLA GOBERNADOR GALVEZ",16,4,"Municipalidad","2124");
INSERT INTO localidades (nombre_localidad, id_departamento, id_nodo, categoria, codigo_postal) VALUES ("VILLA GUILLERMINA",03,1,"Comuna","3589");
INSERT INTO localidades (nombre_localidad, id_departamento, id_nodo, categoria, codigo_postal) VALUES ("VILLA MINETTI",01,2,"Comuna","3061");
INSERT INTO localidades (nombre_localidad, id_departamento, id_nodo, categoria, codigo_postal) VALUES ("VILLA MUGUETA",15,4,"Comuna","2175");
INSERT INTO localidades (nombre_localidad, id_departamento, id_nodo, categoria, codigo_postal) VALUES ("VILLA OCAMPO",03,1,"Municipalidad","3580");
INSERT INTO localidades (nombre_localidad, id_departamento, id_nodo, categoria, codigo_postal) VALUES ("VILLA SAN JOSE",08,2,"Comuna","2301");
INSERT INTO localidades (nombre_localidad, id_departamento, id_nodo, categoria, codigo_postal) VALUES ("VILLA SARALEGUI",07,2,"Comuna","3046");
INSERT INTO localidades (nombre_localidad, id_departamento, id_nodo, categoria, codigo_postal) VALUES ("VILLA TRINIDAD",07,2,"Comuna","2345");
INSERT INTO localidades (nombre_localidad, id_departamento, id_nodo, categoria, codigo_postal) VALUES ("VILLADA",18,4,"Comuna","2173");
INSERT INTO localidades (nombre_localidad, id_departamento, id_nodo, categoria, codigo_postal) VALUES ("VIRGINIA",08,2,"Comuna","2311");
INSERT INTO localidades (nombre_localidad, id_departamento, id_nodo, categoria, codigo_postal) VALUES ("WHEELWRIGHT",17,5,"Comuna","2722");
INSERT INTO localidades (nombre_localidad, id_departamento, id_nodo, categoria, codigo_postal) VALUES ("ZAVALLA",16,4,"Comuna","2125");
INSERT INTO localidades (nombre_localidad, id_departamento, id_nodo, categoria, codigo_postal) VALUES ("ZENON PEREYRA",08,2,"Comuna","2409");


--Corrección de las localidades donde el código postal difiere al del PDF
UPDATE localidades SET codigo_postal="2352" WHERE nombre_localidad="AGUARA GRANDE";
UPDATE localidades SET codigo_postal="2126" WHERE nombre_localidad="ALVEAR";
UPDATE localidades SET codigo_postal="2344" WHERE nombre_localidad="AMBROSETTI";
UPDATE localidades SET codigo_postal="2307" WHERE nombre_localidad="ANGELICA";
UPDATE localidades SET codigo_postal="3014" WHERE nombre_localidad="ARROYO AGUIAR";
UPDATE localidades SET codigo_postal="2318" WHERE nombre_localidad="ARRUFO";
UPDATE localidades SET codigo_postal="2403" WHERE nombre_localidad="ATALIVA";
UPDATE localidades SET codigo_postal="2301" WHERE nombre_localidad="AURELIA";
UPDATE localidades SET codigo_postal="2311" WHERE nombre_localidad="BAUER Y SIGEL";
UPDATE localidades SET codigo_postal="2401" WHERE nombre_localidad="BELLA ITALIA";
UPDATE localidades SET codigo_postal="3036" WHERE nombre_localidad="CABAL";
UPDATE localidades SET codigo_postal="3018" WHERE nombre_localidad="CANDIOTI";
UPDATE localidades SET codigo_postal="2345" WHERE nombre_localidad="CAPIVARA";
UPDATE localidades SET codigo_postal="2317" WHERE nombre_localidad="CASTELAR";
UPDATE localidades SET codigo_postal="1108" WHERE nombre_localidad="CENTENO";
UPDATE localidades SET codigo_postal="2144" WHERE nombre_localidad="CLASON";
UPDATE localidades SET codigo_postal="2303" WHERE nombre_localidad="COLONIA ALDAO";
UPDATE localidades SET codigo_postal="2317" WHERE nombre_localidad="COLONIA ANA";
UPDATE localidades SET codigo_postal="2326" WHERE nombre_localidad="COLONIA BICHA";
UPDATE localidades SET codigo_postal="2301" WHERE nombre_localidad="COLONIA BIGAND";
UPDATE localidades SET codigo_postal="3583" WHERE nombre_localidad="COLONIA BOSSI";
UPDATE localidades SET codigo_postal="3082" WHERE nombre_localidad="COLONIA CAVOUR";
UPDATE localidades SET codigo_postal="3561" WHERE nombre_localidad="COLONIA CELLO";
UPDATE localidades SET codigo_postal="2303" WHERE nombre_localidad="DOS ROSAS Y LA LEGUA";
UPDATE localidades SET codigo_postal="3586" WHERE nombre_localidad="COLONIA ITURRASPE";
UPDATE localidades SET codigo_postal="3050" WHERE nombre_localidad="COLONIA LA CLARA";
UPDATE localidades SET codigo_postal="3572" WHERE nombre_localidad="COLONIA MARGARITA";
UPDATE localidades SET codigo_postal="2456" WHERE nombre_localidad="COLONIA MAUA";
UPDATE localidades SET codigo_postal="3560" WHERE nombre_localidad="COLONIA RAQUEL";
UPDATE localidades SET codigo_postal="3550" WHERE nombre_localidad="COLONIA ROSA";
UPDATE localidades SET codigo_postal="3580" WHERE nombre_localidad="CONSTANZA";
UPDATE localidades SET codigo_postal="2123" WHERE nombre_localidad="CORONEL ARNOLD";
UPDATE localidades SET codigo_postal="2105" WHERE nombre_localidad="CORONEL DOMINGUEZ";
UPDATE localidades SET codigo_postal="3071" WHERE nombre_localidad="CORONEL FRAGA";
UPDATE localidades SET codigo_postal="2352" WHERE nombre_localidad="CURUPAITY";
UPDATE localidades SET codigo_postal="2344" WHERE nombre_localidad="EGUSQUIZA";
UPDATE localidades SET codigo_postal="" WHERE nombre_localidad="EL RABON";
UPDATE localidades SET codigo_postal="3036" WHERE nombre_localidad="EMILIA";
UPDATE localidades SET codigo_postal="2307" WHERE nombre_localidad="ESMERALDA";
UPDATE localidades SET codigo_postal="2318" WHERE nombre_localidad="ESTACION CLUCELLAS";
UPDATE localidades SET codigo_postal="3587" WHERE nombre_localidad="ESTACION SAGUIER";
UPDATE localidades SET codigo_postal="2403" WHERE nombre_localidad="ESTEBAN RAMS";
UPDATE localidades SET codigo_postal="2301" WHERE nombre_localidad="EUSEBIA";
UPDATE localidades SET codigo_postal="2311" WHERE nombre_localidad="EUSTOLIA";
UPDATE localidades SET codigo_postal="2401" WHERE nombre_localidad="FIDELA";
UPDATE localidades SET codigo_postal="8148" WHERE nombre_localidad="FORTIN OLMOS";
UPDATE localidades SET codigo_postal="2345" WHERE nombre_localidad="GALISTEO";
UPDATE localidades SET codigo_postal="2317" WHERE nombre_localidad="GARIBALDI";
UPDATE localidades SET codigo_postal="2317" WHERE nombre_localidad="GATO COLORADO";
UPDATE localidades SET codigo_postal="2126" WHERE nombre_localidad="GENERAL LAGOS";
UPDATE localidades SET codigo_postal="2639" WHERE nombre_localidad="GODEKEN";
UPDATE localidades SET codigo_postal="2326" WHERE nombre_localidad="GREGORIA PEREZ DE DENIS";
UPDATE localidades SET codigo_postal="2301" WHERE nombre_localidad="HERSILIA";
UPDATE localidades SET codigo_postal="2405" WHERE nombre_localidad="HUANQUEROS";
UPDATE localidades SET codigo_postal="3071" WHERE nombre_localidad="HUGENTOBLER";
UPDATE localidades SET codigo_postal="2521" WHERE nombre_localidad="HUMBERTO PRIMO";
UPDATE localidades SET codigo_postal="2142" WHERE nombre_localidad="IBARLUCEA";
UPDATE localidades SET codigo_postal="2248" WHERE nombre_localidad="IRIGOYEN (PUEBLO)";
UPDATE localidades SET codigo_postal="3025" WHERE nombre_localidad="JOSEFINA";
UPDATE localidades SET codigo_postal="2443" WHERE nombre_localidad="JUAN DE GARAY";
UPDATE localidades SET codigo_postal="2311" WHERE nombre_localidad="LA CABRAL";
UPDATE localidades SET codigo_postal="2322" WHERE nombre_localidad="LA LUCILA";
UPDATE localidades SET codigo_postal="2347" WHERE nombre_localidad="LA RUBIA";
UPDATE localidades SET codigo_postal="2133" WHERE nombre_localidad="LA VANGUARDIA";
UPDATE localidades SET codigo_postal="2311" WHERE nombre_localidad="LAS AVISPAS";
UPDATE localidades SET codigo_postal="2301" WHERE nombre_localidad="LAS PALMERAS";
UPDATE localidades SET codigo_postal="2441" WHERE nombre_localidad="LAS PETACAS";
UPDATE localidades SET codigo_postal="3033" WHERE nombre_localidad="LAS TUNAS";
UPDATE localidades SET codigo_postal="2342" WHERE nombre_localidad="LEHMANN";
UPDATE localidades SET codigo_postal="2349" WHERE nombre_localidad="LOGROÑO";
UPDATE localidades SET codigo_postal="2254" WHERE nombre_localidad="LOMA ALTA";
UPDATE localidades SET codigo_postal="2150" WHERE nombre_localidad="LUCIO V. LOPEZ";
UPDATE localidades SET codigo_postal="2301" WHERE nombre_localidad="MARIA JUANA";
UPDATE localidades SET codigo_postal="2407" WHERE nombre_localidad="MOISES VILLE";
UPDATE localidades SET codigo_postal="2315" WHERE nombre_localidad="MONIGOTES";
UPDATE localidades SET codigo_postal="3066" WHERE nombre_localidad="MONTE OSCURIDAD";
UPDATE localidades SET codigo_postal="3014" WHERE nombre_localidad="MONTE VERA";
UPDATE localidades SET codigo_postal="2317" WHERE nombre_localidad="MONTEFIORE";
UPDATE localidades SET codigo_postal="3087" WHERE nombre_localidad="NUEVO TORINO";
UPDATE localidades SET codigo_postal="2407" WHERE nombre_localidad="ÑANDUCITA";
UPDATE localidades SET codigo_postal="2301" WHERE nombre_localidad="PALACIOS";
UPDATE localidades SET codigo_postal="2918" WHERE nombre_localidad="PAVON";
UPDATE localidades SET codigo_postal="2109" WHERE nombre_localidad="PAVON ARRIBA";
UPDATE localidades SET codigo_postal="2307" WHERE nombre_localidad="PLAZA CLUCELLAS";
UPDATE localidades SET codigo_postal="2443" WHERE nombre_localidad="PORTUGALETE";
UPDATE localidades SET codigo_postal="3061" WHERE nombre_localidad="POZO BORRADO";
UPDATE localidades SET codigo_postal="2119" WHERE nombre_localidad="PUEBLO MUÑOZ";
UPDATE localidades SET codigo_postal="2323" WHERE nombre_localidad="PUJATO";
UPDATE localidades SET codigo_postal="2921" WHERE nombre_localidad="RUEDA";
UPDATE localidades SET codigo_postal="3061" WHERE nombre_localidad="SAN ANTONIO";
UPDATE localidades SET codigo_postal="2347" WHERE nombre_localidad="SAN BERNARDO" AND id_departamento=6;
UPDATE localidades SET codigo_postal="3061" WHERE nombre_localidad="SAN BERNARDO" AND id_departamento=1;
UPDATE localidades SET codigo_postal="3009" WHERE nombre_localidad="SAN CARLOS NORTE";
UPDATE localidades SET codigo_postal="3013" WHERE nombre_localidad="SAN CARLOS SUD";
UPDATE localidades SET codigo_postal="2253" WHERE nombre_localidad="SAN EUGENIO";
UPDATE localidades SET codigo_postal="2242" WHERE nombre_localidad="SAN FABIAN";
UPDATE localidades SET codigo_postal="2449" WHERE nombre_localidad="SAN GUILLERMO";
UPDATE localidades SET codigo_postal="" WHERE nombre_localidad="SAN JERONIMO DEL SAUCE";
UPDATE localidades SET codigo_postal="3011" WHERE nombre_localidad="SAN JERONIMO  NORTE";
UPDATE localidades SET codigo_postal="2451" WHERE nombre_localidad="SAN JORGE";
UPDATE localidades SET codigo_postal="3001" WHERE nombre_localidad="SAN JOSE DEL RINCON";
UPDATE localidades SET codigo_postal="" WHERE nombre_localidad="SAN MARIANO";
UPDATE localidades SET codigo_postal="2447" WHERE nombre_localidad="SAN MARTIN DE LAS ESCOBAS";
UPDATE localidades SET codigo_postal="2405" WHERE nombre_localidad="SAN VICENTE";
UPDATE localidades SET codigo_postal="2173" WHERE nombre_localidad="SANFORD";
UPDATE localidades SET codigo_postal="3061" WHERE nombre_localidad="SANTA CLARA DE SAGUIER";
UPDATE localidades SET codigo_postal="3074" WHERE nombre_localidad="SANTA MARGARITA";
UPDATE localidades SET codigo_postal="3025" WHERE nombre_localidad="SANTURCE";
UPDATE localidades SET codigo_postal="2105" WHERE nombre_localidad="SARGENTO CABRAL";
UPDATE localidades SET codigo_postal="3023" WHERE nombre_localidad="SARMIENTO";
UPDATE localidades SET codigo_postal="3017" WHERE nombre_localidad="SAUCE VIEJO";
UPDATE localidades SET codigo_postal="2211" WHERE nombre_localidad="SERODINO";
UPDATE localidades SET codigo_postal="2349" WHERE nombre_localidad="SOLEDAD";
UPDATE localidades SET codigo_postal="2301" WHERE nombre_localidad="SUARDI";
UPDATE localidades SET codigo_postal="2324" WHERE nombre_localidad="SUSANA";
UPDATE localidades SET codigo_postal="2317" WHERE nombre_localidad="TACURALES";
UPDATE localidades SET codigo_postal="2918" WHERE nombre_localidad="THEOBALD";
UPDATE localidades SET codigo_postal="2105" WHERE nombre_localidad="URANGA";
UPDATE localidades SET codigo_postal="2301" WHERE nombre_localidad="VILA";
UPDATE localidades SET codigo_postal="3583" WHERE nombre_localidad="VILLA ANA";
UPDATE localidades SET codigo_postal="2123" WHERE nombre_localidad="ZAVALLA";